.metric,.estimator,.estimate
rmse,standard,12.520617369124283
rsq,standard,0.9989968724776852
mae,standard,8.089655318606068
