r.squared,adj.r.squared,sigma,statistic,p.value,df,logLik,AIC,BIC,deviance,df.residual,nobs
0.998479890610847,0.998459136117739,15.65860607506507,48109.095481869976,0,33,-10203.451005837009,20476.902011674018,20680.050810097502,592628.9291653944,2417,2451
